num_samples,label,n_items,jaccard_at_5,std,chance,in_clause_at_5,in_head_at_5,lime_r2
150,License Grant,6,0.1043,0.0815,0.0148,0.2667,0.3267,0.3445
150,Governing Law,6,0.0602,0.0443,0.0157,0.0467,0.3267,0.2713
150,Effective Date,6,0.0569,0.0343,0.0152,0.0133,0.3333,0.326
500,License Grant,6,0.4911,0.1381,0.0148,0.4133,0.32,0.4243
500,Governing Law,6,0.4484,0.1752,0.0157,0.08,0.4467,0.4097
500,Effective Date,6,0.3901,0.171,0.0152,0.0267,0.3333,0.3831
1000,License Grant,6,0.6053,0.1579,0.0148,0.42,0.3867,0.4351
1000,Governing Law,6,0.5943,0.2328,0.0157,0.08,0.4333,0.3973
1000,Effective Date,6,0.5474,0.1767,0.0152,0.02,0.3733,0.3804
2500,License Grant,6,0.6492,0.1902,0.0148,0.4533,0.3867,0.4179
2500,Governing Law,6,0.7736,0.1937,0.0157,0.0467,0.36,0.393
2500,Effective Date,6,0.6909,0.2054,0.0152,0.0133,0.3467,0.3736
